{
    "slippages": {
        "BTC/USDT": 0.00013275405428333942,
        "ETH/USDT": 0.0,
        "SOL/USDT": 0.0008465977142735755
    },
    "portfolio_slippage": 0.0008465977142735755
}