{
    "slippages": {
        "BTC/USDT": 0.00026550810856667883,
        "ETH/USDT": 0.0,
        "SOL/USDT": 0.001693195428547151
    },
    "portfolio_slippage": 0.001693195428547151
}